{"dgf": [-1187.9781843917, -1138.9134394262, -1055.4711071927, -1496.7156679548, -591.5718357627, -445.9189410256, -386.2676586394, -2016.5052486697, -1950.3238942947, -2263.6274533927, -1388.7412412051, -1287.3695438349, -1436.3548398059, -426.4442807261, -475.1137267338, -386.0, -2.89771049, -619.879903684, 272.4389963618, -344.6195708179, -1128.8599592068, -1062.6807489268, -166.0774663008, 108.8068652768], "km": [0.001039824021, 0.000337332304, 7.780556199999993e-05, 0.0001563056700000001, 0.0001563056700000001, 0.0027875799039025102, 0.00022311137299999999, 0.00012691731300000004, 0.0002549976050000001, 7.000064999999995e-06, 1.2431204000000001e-05, 0.00011143240264374704, 0.00011143240264374704, 0.0008638800836149579, 0.0001473158049999999, 0.00014606082200000004, 0.00012508210600000006, 0.00014814187800000006, 0.0001473158049999999, 0.00014606082200000004, 0.00012508210600000006, 0.00014814187800000006, 0.0001473158049999999, 0.00014606082200000004, 0.00012508210600000006, 0.00014814187800000006, 0.0009060280384450138, 0.0008638800836149579, 0.000669766566, 8.667329300000004e-05, 0.0005200398190000002, 7.360914000000002e-05, 0.000669766566, 8.667329300000004e-05, 0.0005200398190000002, 7.360914000000002e-05, 0.000669766566, 8.667329300000004e-05, 0.0005200398190000002, 7.360914000000002e-05], "log_km_z": [0.0, 0.0, 0.0, 0.0, 0.0, 0.0, 0.0, 0.0, 0.0, 0.0, 0.0, 0.0, 0.0, 0.0, 0.0, 0.0, 0.0, 0.0, 0.0, 0.0, 0.0, 0.0, 0.0, 0.0, 0.0, 0.0, 0.0, 0.0, 0.0, 0.0, 0.0, 0.0, 0.0, 0.0, 0.0, 0.0, 0.0, 0.0, 0.0, 0.0], "ki": [], "log_ki_z": [], "kcat": [14.959900000000001, 4.502, 4.8721, 4.8721, 21.5748, 5.4733, 21.996199999999998, 16.132100000000005, 38.99999999999999, 0.5015760690660556, 106.90819999999995, 106.90819999999995, 106.90819999999995, 3.5347000000000004, 106.90819999999995, 106.90819999999995, 106.90819999999995], "log_kcat_z": [0.0, 0.0, 0.0, 0.0, 0.0, 0.0, 0.0, 0.0, 0.0, 0.0, 0.0, 0.0, 0.0, 0.0, 0.0, 0.0, 0.0], "dissociation_constant": [], "log_dissociation_constant_z": [], "transfer_constant": [], "log_transfer_constant_z": [], "kcat_pme": [], "log_kcat_pme_z": [], "drain_train": [[], [], []], "drain_train_z": [[], [], []], "drain_test": [[], [], []], "drain_test_z": [[], [], []], "conc_enzyme_train": [[3.7457, 1.07915025, 0.59531125, 15.6578997, 0.6947995, 0.68647275, 2.6454965, 3.38060275, 1.28698775, 0.6628285, 2.12660575, 6.4795255, 1.17513425, 0.28857575, 2.12660575, 6.4795255, 1.17513425], [2.220413, 0.8490385, 0.34589575, 7.35086525, 0.2262435, 0.3207515, 1.26971625, 1.820399, 1.12663275, 0.5921035, 1.28397475, 2.83339175, 0.8376745, 0.23042825, 1.28397475, 2.83339175, 0.8376745], [1.85396175, 0.54469225, 0.77469675, 6.4468735, 0.256149, 0.24031725, 1.08014825, 1.7105225, 0.487354, 0.313486, 1.25079025, 2.07825125, 0.78853625, 0.1780555, 1.25079025, 2.07825125, 0.78853625]], "log_conc_enzyme_train_z": [[0.8206085153904352, -0.42382607411337486, -1.0186709009667538, 2.250975562793984, -0.8641319642469947, -0.8761887486624529, 0.4728587603598512, 0.7180540219986749, -0.24769558969082756, -0.911238994957677, 0.2545271640777089, 1.3686472823744376, -0.3386176036113707, -1.742797662506803, 0.2545271640777089, 1.3686472823744376, -0.3386176036113707], [0.29769321461766673, -0.6636507462313461, -1.5616178499025863, 1.494818027384597, -1.9861434260965634, -1.6370885989579653, -0.26120654968947804, 0.09905570783038142, -0.3807666831765991, -1.0240738282982227, -0.2500394600346256, 0.5414744922626791, -0.6771256787775173, -1.9678157448295195, -0.2500394600346256, 0.5414744922626791, -0.6771256787775173], [0.1173248358628789, -1.1075343227091488, -0.7552836165254047, 1.3635952846065849, -1.861995972567068, -1.9257953535477383, -0.42290169976581427, 0.03679887939753235, -1.2187645205789637, -1.6600005770036081, -0.2762244484400248, 0.23152679489646055, -0.737576900268634, -2.2256599795360605, -0.2762244484400248, 0.23152679489646055, -0.737576900268634]], "conc_enzyme_test": [[3.7457, 1.07915025, 0.59531125, 15.6578997, 0.6947995, 0.68647275, 2.6454965, 3.38060275, 1.28698775, 0.6628285, 2.12660575, 6.4795255, 1.17513425, 0.28857575, 2.12660575, 6.4795255, 1.17513425], [2.220413, 0.8490385, 0.34589575, 7.35086525, 0.2262435, 0.3207515, 1.26971625, 1.820399, 1.12663275, 0.5921035, 1.28397475, 2.83339175, 0.8376745, 0.23042825, 1.28397475, 2.83339175, 0.8376745], [1.85396175, 0.54469225, 0.77469675, 6.4468735, 0.256149, 0.24031725, 1.08014825, 1.7105225, 0.487354, 0.313486, 1.25079025, 2.07825125, 0.78853625, 0.1780555, 1.25079025, 2.07825125, 0.78853625]], "log_conc_enzyme_test_z": [[0.8206085153904352, -0.42382607411337486, -1.0186709009667538, 2.250975562793984, -0.8641319642469947, -0.8761887486624529, 0.4728587603598512, 0.7180540219986749, -0.24769558969082756, -0.911238994957677, 0.2545271640777089, 1.3686472823744376, -0.3386176036113707, -1.742797662506803, 0.2545271640777089, 1.3686472823744376, -0.3386176036113707], [0.29769321461766673, -0.6636507462313461, -1.5616178499025863, 1.494818027384597, -1.9861434260965634, -1.6370885989579653, -0.26120654968947804, 0.09905570783038142, -0.3807666831765991, -1.0240738282982227, -0.2500394600346256, 0.5414744922626791, -0.6771256787775173, -1.9678157448295195, -0.2500394600346256, 0.5414744922626791, -0.6771256787775173], [0.1173248358628789, -1.1075343227091488, -0.7552836165254047, 1.3635952846065849, -1.861995972567068, -1.9257953535477383, -0.42290169976581427, 0.03679887939753235, -1.2187645205789637, -1.6600005770036081, -0.2762244484400248, 0.23152679489646055, -0.737576900268634, -2.2256599795360605, -0.2762244484400248, 0.23152679489646055, -0.737576900268634]], "conc_unbalanced_train": [[0.0007135063751361999, 1.010480083920509e-05, 0.0003162277660168384, 8.498021152597819e-05, 6.040306283625017e-05, 0.000950594550794396, 0.0004231683341768385, 1.3600000000000009e-05, 0.0003333997038091066, 3.787479372881128e-05, 0.0009477179432721529, 6.461786749808448e-05, 1.8267717427199272e-05, 0.00015147210337220513], [0.10025884372280375, 0.10025884372280375, 0.10025884372280375, 0.10025884372280375, 0.10025884372280375, 0.10025884372280375, 0.10025884372280375, 0.10025884372280375, 0.10025884372280375, 0.10025884372280375, 0.10025884372280375, 0.10025884372280375, 0.10025884372280375, 0.10025884372280375], [0.10025884372280375, 0.10025884372280375, 0.10025884372280375, 0.10025884372280375, 0.10025884372280375, 0.10025884372280375, 0.10025884372280375, 0.10025884372280375, 0.10025884372280375, 0.10025884372280375, 0.10025884372280375, 0.10025884372280375, 0.10025884372280375, 0.10025884372280375]], "log_conc_unbalanced_train_z": [[0.0, 0.0, 0.0, 0.0, 0.0, 0.0, 0.0, 0.0, 0.0, 0.0, 0.0, 0.0, 0.0, 0.0], [0.0, 0.0, 0.0, 0.0, 0.0, 0.0, 0.0, 0.0, 0.0, 0.0, 0.0, 0.0, 0.0, 0.0], [0.0, 0.0, 0.0, 0.0, 0.0, 0.0, 0.0, 0.0, 0.0, 0.0, 0.0, 0.0, 0.0, 0.0]], "conc_unbalanced_test": [[0.0007135063751361999, 1.010480083920509e-05, 0.0003162277660168384, 8.498021152597819e-05, 6.040306283625017e-05, 0.000950594550794396, 0.0004231683341768385, 1.3600000000000009e-05, 0.0003333997038091066, 3.787479372881128e-05, 0.0009477179432721529, 6.461786749808448e-05, 1.8267717427199272e-05, 0.00015147210337220513], [0.10025884372280375, 0.10025884372280375, 0.10025884372280375, 0.10025884372280375, 0.10025884372280375, 0.10025884372280375, 0.10025884372280375, 0.10025884372280375, 0.10025884372280375, 0.10025884372280375, 0.10025884372280375, 0.10025884372280375, 0.10025884372280375, 0.10025884372280375], [0.10025884372280375, 0.10025884372280375, 0.10025884372280375, 0.10025884372280375, 0.10025884372280375, 0.10025884372280375, 0.10025884372280375, 0.10025884372280375, 0.10025884372280375, 0.10025884372280375, 0.10025884372280375, 0.10025884372280375, 0.10025884372280375, 0.10025884372280375]],