{"dgf": [0.0, 0.0, 0.0, 0.0, 0.0, 0.0, 0.0, 0.0, 0.0, 0.0, 0.0, 0.0, 0.0, 0.0, 0.0, 0.0, 0.0, 0.0, 0.0, 0.0, 0.0, 0.0, 0.0, 0.0], "km": [1.039824021, 0.3373323040000001, 0.07780556200000001, 0.15630567, 2.7875799039999998, 0.22311137300000003, 0.12691731300000003, 0.254997605, 0.007000065, 0.012431203999999998, 0.11143240264374701, 0.11143240264374701, 0.863880083614958, 0.14731580499999997, 0.146060822, 0.12508210600000003, 0.148141878, 0.906028038445014, 0.863880083614958, 0.669766566, 0.08667329300000001, 0.5200398190000001, 0.07360913999999999, 0.07360913999999999, 0.5015760690660556, 0.5015760690660556, 0.07360913999999999], "log_km_z": [0.0, 0.0, 0.0, 0.0, -3.7007434154171886e-16, 0.0, 0.0, 0.0, 0.0, 0.0, 0.0, 0.0, 0.0, 0.0, 0.0, 0.0, 0.0, 0.0, 0.0, 0.0, 0.0, 1.8503717077085943e-16, 0.0, 0.0, 0.0, 0.0, 0.0], "ki": [], "log_ki_z": [], "kcat": [27.099999999999998, 3.2999999999999994, 211.83299999999997, 399.002, 294.99899999999997, 38.39, 0.87, 60.00038000000001, 12.298999999999998, 3099.989999999997, 84.19999999999996, 4170.020000000002, 199.99999999999991, 199.99999999999991], "log_kcat_z": [0.0, 0.0, 0.0, 0.0, 0.0, 0.0, 0.0, 0.0, 0.0, 0.0, 0.0, 0.0, 0.0, 0.0], "dissociation_constant": [], "log_dissociation_constant_z": [], "transfer_constant": [], "log_transfer_constant_z": [], "kcat_pme": [], "log_kcat_pme_z": [], "drain_train": [[]], "drain_train_z": [[]], "drain_test": [[]], "drain_test_z": [[]], "conc_enzyme_train": [[1.6487212707001282, 1.6487212707001282, 1.6487212707001282, 1.6487212707001282, 1.6487212707001282, 1.6487212707001282, 1.6487212707001282, 1.6487212707001282, 1.6487212707001282, 1.6487212707001282, 1.6487212707001282, 1.6487212707001282, 1.6487212707001282, 1.6487212707001282]], "log_conc_enzyme_train_z": [[0.0, 0.0, 0.0, 0.0, 0.0, 0.0, 0.0, 0.0, 0.0, 0.0, 0.0, 0.0, 0.0, 0.0]], "conc_enzyme_test": [[1.6487212707001282, 1.6487212707001282, 1.6487212707001282, 1.6487212707001282, 1.6487212707001282, 1.6487212707001282, 1.6487212707001282, 1.6487212707001282, 1.6487212707001282, 1.6487212707001282, 1.6487212707001282, 1.6487212707001282, 1.6487212707001282, 1.6487212707001282]], "log_conc_enzyme_test_z": [[0.0, 0.0, 0.0, 0.0, 0.0, 0.0, 0.0, 0.0, 0.0, 0.0, 0.0, 0.0, 0.0, 0.0]], "conc_unbalanced_train": [[0.7, 0.010104800839205097, 4.47213595499958, 0.08498021152597819, 0.07029011310276861, 1.1437710697075703, 0.423168334176838, 0.013600000000000004, 0.3333997038091065, 29.96947280150253, 0.06461786749808447, 0.018267717427199282, 0.10025884372280375, 0.10025884372280375]], "log_conc_unbalanced_train_z": [[-0.031003709080061746, 0.0, 0.0, 0.0, 0.0, -8.877034493905299e-17, 0.0, 0.0, 0.0, 0.0, 0.0, 0.0, 0.0, 0.0]], "conc_unbalanced_test": [[0.7, 0.010104800839205097, 4.47213595499958, 0.08498021152597819, 0.07029011310276861, 1.1437710697075703, 0.423168334176838, 0.013600000000000004, 0.3333997038091065, 29.96947280150253, 0.06461786749808447, 0.018267717427199282, 0.10025884372280375, 0.10025884372280375]], "log_conc_unbalanced_test_z": [[-0.031003709080061746, 0.0, 0.0, 0.0, 0.0, -8.877034493905299e-17, 0.0, 0.0, 0.0, 0.0, 0.0, 0.0, 0.0, 0.0]], "conc_pme_train": [[]], "log_conc_pme_train_z": [[]], "conc_pme_test": [[]], "log_conc_pme_test_z": [[]], "psi_train": [0.0], "psi_train_z": [0.0], "psi_test": [0.0], "psi_test_z": [0.0]}