{"dgf": [-1187.9781843917, -1138.9134394262, -1055.4711071927, -1496.7156679548, -591.5718357627, -445.9189410256, -386.2676586394, -2016.5052486697, -1950.3238942947, -2263.6274533927, -1388.7412412051, -1287.3695438349, -1436.3548398059, -426.4442807261, -475.1137267338, -386.0, -2.89771049, -619.879903684, 272.4389963618, -344.6195708179, -1128.8599592068, -1062.6807489268, -166.0774663008, 108.8068652768], "km": [0.001039824021, 0.000337332304, 7.780556199999993e-05, 0.0001563056700000001, 0.0001563056700000001, 0.0027875799039025102, 0.00022311137299999999, 0.00012691731300000004, 0.0002549976050000001, 7.000064999999995e-06, 1.2431204000000001e-05, 0.00011143240264374704, 0.00011143240264374704, 0.0008638800836149579, 0.0001473158049999999, 0.00014606082200000004, 0.00012508210600000006, 0.00014814187800000006, 0.0001473158049999999, 0.00014606082200000004, 0.00012508210600000006, 0.00014814187800000006, 0.0001473158049999999, 0.00014606082200000004, 0.00012508210600000006, 0.00014814187800000006, 0.0001473158049999999, 0.00014606082200000004, 0.00012508210600000006, 0.00014814187800000006, 0.0001473158049999999, 0.00014606082200000004, 0.00012508210600000006, 0.00014814187800000006, 0.0009060280384450138, 0.0008638800836149579, 0.000669766566, 8.667329300000004e-05, 0.0005200398190000002, 7.360914000000002e-05, 0.000669766566, 8.667329300000004e-05, 0.0005200398190000002, 7.360914000000002e-05, 0.000669766566, 8.667329300000004e-05, 0.0005200398190000002, 7.360914000000002e-05, 0.000669766566, 8.667329300000004e-05, 0.0005200398190000002, 7.360914000000002e-05, 0.000669766566, 8.667329300000004e-05, 0.0005200398190000002, 7.360914000000002e-05], "log_km_z": [0.0, 0.0, 0.0, 0.0, 0.0, 0.0, 0.0, 0.0, 0.0, 0.0, 0.0, 0.0, 0.0, 0.0, 0.0, 0.0, 0.0, 0.0, 0.0, 0.0, 0.0, 0.0, 0.0, 0.0, 0.0, 0.0, 0.0, 0.0, 0.0, 0.0, 0.0, 0.0, 0.0, 0.0, 0.0, 0.0, 0.0, 0.0, 0.0, 0.0, 0.0, 0.0, 0.0, 0.0, 0.0, 0.0, 0.0, 0.0, 0.0, 0.0, 0.0, 0.0, 0.0, 0.0, 0.0, 0.0], "ki": [], "log_ki_z": [], "kcat": [14.959900000000001, 4.502, 4.8721, 4.8721, 21.5748, 5.4733, 21.996199999999998, 16.132100000000005, 38.99999999999999, 0.5015760690660556, 106.90819999999995, 106.90819999999995, 106.90819999999995, 106.90819999999995, 106.90819999999995, 3.5347000000000004, 106.90819999999995, 106.90819999999995, 106.90819999999995, 106.90819999999995, 106.90819999999995], "log_kcat_z": [0.0, 0.0, 0.0, 0.0, 0.0, 0.0, 0.0, 0.0, 0.0, 0.0, 0.0, 0.0, 0.0, 0.0, 0.0, 0.0, 0.0, 0.0, 0.0, 0.0, 0.0], "dissociation_constant": [], "log_dissociation_constant_z": [], "transfer_constant": [], "log_transfer_constant_z": [], "kcat_pme": [], "log_kcat_pme_z": [], "drain_train": [[]], "drain_train_z": [[]], "drain_test": [[]], "drain_test_z": [[]], "conc_enzyme_train": [[3.7457e-06, 1.07915025e-06, 5.9531125e-07, 1.56579e-05, 6.947995e-07, 6.8647275e-07, 2.6454965e-06, 3.38060275e-06, 1.29e-06, 6.63e-07, 2.126355e-06, 6.48e-06, 1.65e-05, 2.41e-07, 1.18e-06, 2.89e-07, 2.126355e-06, 6.48e-06, 1.65e-05, 2.41e-07, 1.18e-06]], "log_conc_enzyme_train_z": [[-12.99490204257384, -14.239336632077649, -14.834181458931027, -11.564534976010632, -14.67964252221127, -14.691699306626727, -13.342651797604423, -13.0974565359656, -14.060868339590693, -14.726490846760548, -13.561101311739577, -12.446790047600091, -11.51215017705774, -15.738468903455756, -14.149996119486701, -15.556839148833978, -13.561101311739577, -12.446790047600091, -11.51215017705774, -15.738468903455756, -14.149996119486701]], "conc_enzyme_test": [[3.7457e-06, 1.07915025e-06, 5.9531125e-07, 1.56579e-05, 6.947995e-07, 6.8647275e-07, 2.6454965e-06, 3.38060275e-06, 1.29e-06, 6.63e-07, 2.126355e-06, 6.48e-06, 1.65e-05, 2.41e-07, 1.18e-06, 2.89e-07, 2.126355e-06, 6.48e-06, 1.65e-05, 2.41e-07, 1.18e-06]], "log_conc_enzyme_test_z": [[-12.99490204257384, -14.239336632077649, -14.834181458931027, -11.564534976010632, -14.67964252221127, -14.691699306626727, -13.342651797604423, -13.0974565359656, -14.060868339590693, -14.726490846760548, -13.561101311739577, -12.446790047600091, -11.51215017705774, -15.738468903455756, -14.149996119486701, -15.556839148833978, -13.561101311739577, -12.446790047600091, -11.51215017705774, -15.738468903455756, -14.149996119486701]], "conc_unbalanced_train": [[2.88e-06, 0.10025884372280375, 0.10025884372280375, 8.11e-07, 0.10025884372280375, 1.7e-06, 2.75e-06, 0.10025884372280375, 3.27e-07, 0.10025884372280375, 6.72e-05, 1.23e-06, 0.10025884372280375, 9.49e-05]], "log_conc_unbalanced_train_z": [[-5.22886013190821, 0.0, 0.0, -5.862498891415498, 0.0, -5.492441153451052, -5.251954823142897, 0.0, -6.316652833024579, 0.0, -3.6539186552175855, -5.654248194289973, 0.0, -3.481343426174196]], "conc_unbalanced_test": [[2.88e-06, 0.10025884372280375, 0.10025884372280375, 8.11e-07, 0.10025884372280375, 1.7e-06, 2.75e-06, 0.10025884372280375, 3.27e-07, 0.10025884372280375, 6.72e-05, 1.23e-06, 0.10025884372280375, 9.49e-05]], "log_conc_unbalanced_test_z": [[-5.22886013190821, 0.0, 0.0, -5.862498891415498, 0.0, -5.492441153451052, -5.251954823142897, 0.0, -6.316652833024579, 0.0, -3.6539186552175855, -5.654248194289973, 0.0, -3.481343426174196]], "conc_pme_train": [[]], "log_conc_pme_train_z": [[]], "conc_pme_test": [[]], "log_conc_pme_test_z": [[]], "psi_train": [0.0], "psi_train_z": [0.0], "psi_test": [0.0], "psi_test_z": [0.0]}